subject,body
Vacation Request,"Dear HR, I need a few days off from 22 January 2025 to 24 January 2025 because of urgent travel. Let me know if any formalities are needed.

Thanks,
Angel"
Request for Personal Leave,"Hi Team, Please note I will be on leave from 23 February 2025 to 28 February 2025 due to a medical appointment. Feel free to reach me in case of urgent matters.

Regards,
John"
Urgent Leave Required,"Hi, I would like to apply for leave from 28 January 2025 to 29 January 2025 due to a family function. Please confirm if this is approved.

Regards,
Jill"
Emergency Leave Needed,"Hi Team, Please note I will be on leave from 12 May 2025 to 14 May 2025 due to religious observances. Feel free to reach me in case of urgent matters.

Regards,
Joy"
Leave Application,"Hi Team, Please note I will be on leave from 16 April 2025 to 21 April 2025 due to urgent travel. Feel free to reach me in case of urgent matters.

Regards,
Christopher"
Urgent Leave Required,"Hi Team, Please note I will be on leave from 23 March 2025 to 25 March 2025 due to vacation plans. Feel free to reach me in case of urgent matters.

Regards,
Anthony"
Vacation Request,"Hello, I am writing to request leave for the dates 19 January 2025 to 20 January 2025. The reason for my absence is personal reasons. Hoping for your understanding.

Best,
Jeffery"
Medical Leave Application,"Dear HR, I need a few days off from 09 April 2025 to 12 April 2025 because of personal reasons. Let me know if any formalities are needed.

Thanks,
Carolyn"
Medical Leave Application,"Hello, I am writing to request leave for the dates 19 April 2025 to 20 April 2025. The reason for my absence is a medical appointment. Hoping for your understanding.

Best,
James"
Request for Personal Leave,"Hi Team, Please note I will be on leave from 07 May 2025 to 10 May 2025 due to a wedding in the family. Feel free to reach me in case of urgent matters.

Regards,
Jacqueline"
Vacation Request,"Hi Team, Please note I will be on leave from 23 March 2025 to 24 March 2025 due to vacation plans. Feel free to reach me in case of urgent matters.

Regards,
Jeffrey"
Request for Personal Leave,"Hi Team, Please note I will be on leave from 25 April 2025 to 29 April 2025 due to a medical appointment. Feel free to reach me in case of urgent matters.

Regards,
Joshua"
Vacation Request,"Hi Team, Please note I will be on leave from 02 January 2025 to 07 January 2025 due to a wedding in the family. Feel free to reach me in case of urgent matters.

Regards,
Katherine"
Emergency Leave Needed,"Dear HR, I need a few days off from 01 February 2025 to 02 February 2025 because of a family function. Let me know if any formalities are needed.

Thanks,
Helen"
Vacation Request,"Hi, I would like to apply for leave from 08 March 2025 to 09 March 2025 due to urgent travel. Please confirm if this is approved.

Regards,
Joshua"
Urgent Leave Required,"Respected Manager, Kindly approve my leave from 11 February 2025 to 14 February 2025 as I have vacation plans. I will ensure all tasks are handed over.

Sincerely,
Susan"
Sick Leave Application,"Dear HR, I need a few days off from 07 March 2025 to 10 March 2025 because of a wedding in the family. Let me know if any formalities are needed.

Thanks,
Curtis"
Vacation Request,"Dear HR, I need a few days off from 15 March 2025 to 16 March 2025 because of mental health reasons. Let me know if any formalities are needed.

Thanks,
Colin"
Annual Leave Plan,"Hello, I am writing to request leave for the dates 08 March 2025 to 10 March 2025. The reason for my absence is personal reasons. Hoping for your understanding.

Best,
Cassandra"
Urgent Leave Required,"Dear HR, I need a few days off from 09 January 2025 to 12 January 2025 because of religious observances. Let me know if any formalities are needed.

Thanks,
Jessica"
Medical Leave Application,"Hi, I would like to apply for leave from 15 April 2025 to 16 April 2025 due to urgent travel. Please confirm if this is approved.

Regards,
David"
Medical Leave Application,"Hi, I would like to apply for leave from 15 March 2025 to 19 March 2025 due to an illness. Please confirm if this is approved.

Regards,
Christian"
Emergency Leave Needed,"Dear HR, I need a few days off from 26 February 2025 to 03 March 2025 because of a wedding in the family. Let me know if any formalities are needed.

Thanks,
Maria"
Time Off Request,"Dear HR, I need a few days off from 01 May 2025 to 05 May 2025 because of vacation plans. Let me know if any formalities are needed.

Thanks,
Nicole"
Vacation Request,"Hi Team, Please note I will be on leave from 12 March 2025 to 14 March 2025 due to urgent travel. Feel free to reach me in case of urgent matters.

Regards,
Barbara"
Annual Leave Plan,"Hello, I am writing to request leave for the dates 17 May 2025 to 20 May 2025. The reason for my absence is mental health reasons. Hoping for your understanding.

Best,
Chad"
Family Emergency Leave,"Dear HR, I need a few days off from 09 May 2025 to 13 May 2025 because of a wedding in the family. Let me know if any formalities are needed.

Thanks,
Jeremy"
Sick Leave Application,"Hi, I would like to apply for leave from 26 February 2025 to 03 March 2025 due to vacation plans. Please confirm if this is approved.

Regards,
Tracie"
Leave Application,"Dear HR, I need a few days off from 15 February 2025 to 16 February 2025 because of personal reasons. Let me know if any formalities are needed.

Thanks,
Michelle"
Urgent Leave Required,"Hello, I am writing to request leave for the dates 15 March 2025 to 20 March 2025. The reason for my absence is a medical appointment. Hoping for your understanding.

Best,
Joshua"
Urgent Leave Required,"Hi Team, Please note I will be on leave from 04 May 2025 to 09 May 2025 due to vacation plans. Feel free to reach me in case of urgent matters.

Regards,
Mary"
Vacation Request,"Hi, I would like to apply for leave from 01 February 2025 to 06 February 2025 due to a family function. Please confirm if this is approved.

Regards,
Mitchell"
Annual Leave Plan,"Hi, I would like to apply for leave from 10 February 2025 to 13 February 2025 due to a wedding in the family. Please confirm if this is approved.

Regards,
Elizabeth"
Vacation Request,"Hello, I am writing to request leave for the dates 17 May 2025 to 21 May 2025. The reason for my absence is personal reasons. Hoping for your understanding.

Best,
Sharon"
Leave Application,"Dear HR, I need a few days off from 06 May 2025 to 09 May 2025 because of religious observances. Let me know if any formalities are needed.

Thanks,
Charles"
Annual Leave Plan,"Hi Team, Please note I will be on leave from 04 May 2025 to 05 May 2025 due to an illness. Feel free to reach me in case of urgent matters.

Regards,
George"
Family Emergency Leave,"Respected Manager, Kindly approve my leave from 17 February 2025 to 19 February 2025 as I have personal reasons. I will ensure all tasks are handed over.

Sincerely,
Frank"
Sick Leave Application,"Hi, I would like to apply for leave from 15 March 2025 to 20 March 2025 due to religious observances. Please confirm if this is approved.

Regards,
Joseph"
Family Emergency Leave,"Hi, I would like to apply for leave from 05 May 2025 to 08 May 2025 due to vacation plans. Please confirm if this is approved.

Regards,
Hailey"
Request for Personal Leave,"Dear HR, I need a few days off from 12 February 2025 to 15 February 2025 because of an illness. Let me know if any formalities are needed.

Thanks,
Gabrielle"
Leave Application,"Hi, I would like to apply for leave from 11 January 2025 to 13 January 2025 due to mental health reasons. Please confirm if this is approved.

Regards,
Jeremy"
Request for Personal Leave,"Hi Team, Please note I will be on leave from 07 January 2025 to 11 January 2025 due to a medical appointment. Feel free to reach me in case of urgent matters.

Regards,
Linda"
Sick Leave Application,"Hi Team, Please note I will be on leave from 19 March 2025 to 21 March 2025 due to vacation plans. Feel free to reach me in case of urgent matters.

Regards,
Joseph"
Sick Leave Application,"Hi Team, Please note I will be on leave from 10 February 2025 to 13 February 2025 due to religious observances. Feel free to reach me in case of urgent matters.

Regards,
Robin"
Urgent Leave Required,"Dear HR, I need a few days off from 21 April 2025 to 23 April 2025 because of religious observances. Let me know if any formalities are needed.

Thanks,
Nancy"
Vacation Request,"Hello, I am writing to request leave for the dates 03 March 2025 to 07 March 2025. The reason for my absence is a wedding in the family. Hoping for your understanding.

Best,
Jason"
Annual Leave Plan,"Dear HR, I need a few days off from 07 April 2025 to 11 April 2025 because of a medical appointment. Let me know if any formalities are needed.

Thanks,
Randall"
Emergency Leave Needed,"Hi, I would like to apply for leave from 05 May 2025 to 06 May 2025 due to a wedding in the family. Please confirm if this is approved.

Regards,
Stephen"
Family Emergency Leave,"Hi Team, Please note I will be on leave from 21 February 2025 to 26 February 2025 due to urgent travel. Feel free to reach me in case of urgent matters.

Regards,
Donald"
Emergency Leave Needed,"Hi, I would like to apply for leave from 20 April 2025 to 21 April 2025 due to a medical appointment. Please confirm if this is approved.

Regards,
Amber"
Emergency Leave Needed,"Respected Manager, Kindly approve my leave from 24 April 2025 to 25 April 2025 as I have a family function. I will ensure all tasks are handed over.

Sincerely,
Ross"
Request for Personal Leave,"Respected Manager, Kindly approve my leave from 24 April 2025 to 29 April 2025 as I have urgent travel. I will ensure all tasks are handed over.

Sincerely,
Reginald"
Time Off Request,"Dear HR, I need a few days off from 12 February 2025 to 14 February 2025 because of religious observances. Let me know if any formalities are needed.

Thanks,
Wendy"
Family Emergency Leave,"Dear HR, I need a few days off from 27 January 2025 to 01 February 2025 because of vacation plans. Let me know if any formalities are needed.

Thanks,
William"
Time Off Request,"Hi, I would like to apply for leave from 18 January 2025 to 22 January 2025 due to urgent travel. Please confirm if this is approved.

Regards,
Katelyn"
Request for Personal Leave,"Hello, I am writing to request leave for the dates 22 January 2025 to 26 January 2025. The reason for my absence is a wedding in the family. Hoping for your understanding.

Best,
Eric"
Urgent Leave Required,"Hi, I would like to apply for leave from 01 February 2025 to 05 February 2025 due to a family function. Please confirm if this is approved.

Regards,
Laura"
Leave Application,"Hi, I would like to apply for leave from 23 March 2025 to 27 March 2025 due to a wedding in the family. Please confirm if this is approved.

Regards,
Candace"
Emergency Leave Needed,"Hi Team, Please note I will be on leave from 16 March 2025 to 18 March 2025 due to urgent travel. Feel free to reach me in case of urgent matters.

Regards,
Patrick"
Time Off Request,"Dear HR, I need a few days off from 01 April 2025 to 03 April 2025 because of an emergency at home. Let me know if any formalities are needed.

Thanks,
Allison"
Vacation Request,"Hi, I would like to apply for leave from 18 April 2025 to 22 April 2025 due to urgent travel. Please confirm if this is approved.

Regards,
Michelle"
Time Off Request,"Hi, I would like to apply for leave from 03 January 2025 to 08 January 2025 due to a medical appointment. Please confirm if this is approved.

Regards,
Erin"
Annual Leave Plan,"Dear HR, I need a few days off from 23 January 2025 to 24 January 2025 because of a medical appointment. Let me know if any formalities are needed.

Thanks,
Erin"
Sick Leave Application,"Hello, I am writing to request leave for the dates 15 April 2025 to 19 April 2025. The reason for my absence is vacation plans. Hoping for your understanding.

Best,
Karen"
Emergency Leave Needed,"Dear HR, I need a few days off from 05 May 2025 to 09 May 2025 because of a family function. Let me know if any formalities are needed.

Thanks,
Matthew"
Urgent Leave Required,"Respected Manager, Kindly approve my leave from 26 February 2025 to 27 February 2025 as I have an emergency at home. I will ensure all tasks are handed over.

Sincerely,
Ryan"
Time Off Request,"Hi Team, Please note I will be on leave from 30 March 2025 to 02 April 2025 due to an emergency at home. Feel free to reach me in case of urgent matters.

Regards,
Aaron"
Time Off Request,"Respected Manager, Kindly approve my leave from 21 February 2025 to 23 February 2025 as I have urgent travel. I will ensure all tasks are handed over.

Sincerely,
Teresa"
Emergency Leave Needed,"Hi Team, Please note I will be on leave from 04 February 2025 to 05 February 2025 due to mental health reasons. Feel free to reach me in case of urgent matters.

Regards,
William"
Leave Application,"Hi, I would like to apply for leave from 21 January 2025 to 24 January 2025 due to a family function. Please confirm if this is approved.

Regards,
Monica"
Family Emergency Leave,"Hi Team, Please note I will be on leave from 27 February 2025 to 03 March 2025 due to religious observances. Feel free to reach me in case of urgent matters.

Regards,
Meagan"
Sick Leave Application,"Hi, I would like to apply for leave from 09 April 2025 to 10 April 2025 due to religious observances. Please confirm if this is approved.

Regards,
Chelsea"
Sick Leave Application,"Hi, I would like to apply for leave from 30 January 2025 to 31 January 2025 due to mental health reasons. Please confirm if this is approved.

Regards,
Nathaniel"
Emergency Leave Needed,"Hi Team, Please note I will be on leave from 01 February 2025 to 05 February 2025 due to a medical appointment. Feel free to reach me in case of urgent matters.

Regards,
Amber"
Emergency Leave Needed,"Hi, I would like to apply for leave from 13 April 2025 to 18 April 2025 due to mental health reasons. Please confirm if this is approved.

Regards,
Samantha"
Family Emergency Leave,"Hi Team, Please note I will be on leave from 27 April 2025 to 28 April 2025 due to an emergency at home. Feel free to reach me in case of urgent matters.

Regards,
Mario"
Family Emergency Leave,"Respected Manager, Kindly approve my leave from 04 January 2025 to 09 January 2025 as I have a wedding in the family. I will ensure all tasks are handed over.

Sincerely,
Daniel"
Emergency Leave Needed,"Respected Manager, Kindly approve my leave from 12 March 2025 to 15 March 2025 as I have urgent travel. I will ensure all tasks are handed over.

Sincerely,
Natasha"
Urgent Leave Required,"Hello, I am writing to request leave for the dates 01 March 2025 to 03 March 2025. The reason for my absence is an illness. Hoping for your understanding.

Best,
John"
Medical Leave Application,"Hello, I am writing to request leave for the dates 16 February 2025 to 17 February 2025. The reason for my absence is a family function. Hoping for your understanding.

Best,
Natalie"
Family Emergency Leave,"Hi, I would like to apply for leave from 16 January 2025 to 21 January 2025 due to a medical appointment. Please confirm if this is approved.

Regards,
Christopher"
Annual Leave Plan,"Respected Manager, Kindly approve my leave from 05 April 2025 to 07 April 2025 as I have religious observances. I will ensure all tasks are handed over.

Sincerely,
Lisa"
Sick Leave Application,"Dear HR, I need a few days off from 14 April 2025 to 17 April 2025 because of a medical appointment. Let me know if any formalities are needed.

Thanks,
Katie"
Medical Leave Application,"Hello, I am writing to request leave for the dates 25 January 2025 to 28 January 2025. The reason for my absence is personal reasons. Hoping for your understanding.

Best,
Donna"
Annual Leave Plan,"Hi Team, Please note I will be on leave from 17 April 2025 to 20 April 2025 due to mental health reasons. Feel free to reach me in case of urgent matters.

Regards,
Frederick"
Leave Application,"Hi, I would like to apply for leave from 13 April 2025 to 18 April 2025 due to an illness. Please confirm if this is approved.

Regards,
Monique"
Sick Leave Application,"Hi, I would like to apply for leave from 24 March 2025 to 27 March 2025 due to a medical appointment. Please confirm if this is approved.

Regards,
Tamara"
Annual Leave Plan,"Respected Manager, Kindly approve my leave from 15 April 2025 to 17 April 2025 as I have an illness. I will ensure all tasks are handed over.

Sincerely,
Karina"
Family Emergency Leave,"Dear HR, I need a few days off from 14 May 2025 to 16 May 2025 because of a wedding in the family. Let me know if any formalities are needed.

Thanks,
James"
Vacation Request,"Respected Manager, Kindly approve my leave from 02 March 2025 to 07 March 2025 as I have vacation plans. I will ensure all tasks are handed over.

Sincerely,
Raymond"
Leave Application,"Respected Manager, Kindly approve my leave from 11 May 2025 to 12 May 2025 as I have an emergency at home. I will ensure all tasks are handed over.

Sincerely,
Debra"
Leave Application,"Dear HR, I need a few days off from 27 March 2025 to 28 March 2025 because of a wedding in the family. Let me know if any formalities are needed.

Thanks,
Rachel"
Vacation Request,"Hi Team, Please note I will be on leave from 29 March 2025 to 31 March 2025 due to vacation plans. Feel free to reach me in case of urgent matters.

Regards,
David"
Urgent Leave Required,"Hi, I would like to apply for leave from 13 February 2025 to 18 February 2025 due to a family function. Please confirm if this is approved.

Regards,
Caleb"
Request for Personal Leave,"Hi, I would like to apply for leave from 05 January 2025 to 07 January 2025 due to religious observances. Please confirm if this is approved.

Regards,
Brianna"
Medical Leave Application,"Dear HR, I need a few days off from 14 February 2025 to 19 February 2025 because of religious observances. Let me know if any formalities are needed.

Thanks,
Brianna"
Urgent Leave Required,"Respected Manager, Kindly approve my leave from 02 January 2025 to 04 January 2025 as I have a family function. I will ensure all tasks are handed over.

Sincerely,
Chad"
Medical Leave Application,"Dear HR, I need a few days off from 03 May 2025 to 04 May 2025 because of a wedding in the family. Let me know if any formalities are needed.

Thanks,
Brian"
Emergency Leave Needed,"Hi Team, Please note I will be on leave from 14 January 2025 to 15 January 2025 due to a wedding in the family. Feel free to reach me in case of urgent matters.

Regards,
Rebecca"
Urgent Leave Required,"Dear HR, I need a few days off from 06 March 2025 to 11 March 2025 because of personal reasons. Let me know if any formalities are needed.

Thanks,
Chad"
Sick Leave Application,"Hi, I would like to apply for leave from 16 February 2025 to 18 February 2025 due to an emergency at home. Please confirm if this is approved.

Regards,
Joshua"
Sick Leave Application,"Dear HR, I need a few days off from 05 April 2025 to 08 April 2025 because of an emergency at home. Let me know if any formalities are needed.

Thanks,
Jason"
Vacation Request,"Hello, I am writing to request leave for the dates 26 January 2025 to 28 January 2025. The reason for my absence is a medical appointment. Hoping for your understanding.

Best,
Jennifer"
Leave Application,"Dear HR, I need a few days off from 21 April 2025 to 25 April 2025 because of urgent travel. Let me know if any formalities are needed.

Thanks,
Barbara"
Time Off Request,"Dear HR, I need a few days off from 17 February 2025 to 20 February 2025 because of an illness. Let me know if any formalities are needed.

Thanks,
Kristen"
Emergency Leave Needed,"Hello, I am writing to request leave for the dates 21 March 2025 to 22 March 2025. The reason for my absence is urgent travel. Hoping for your understanding.

Best,
James"
Medical Leave Application,"Respected Manager, Kindly approve my leave from 19 January 2025 to 22 January 2025 as I have a medical appointment. I will ensure all tasks are handed over.

Sincerely,
Donna"
Medical Leave Application,"Hi Team, Please note I will be on leave from 10 March 2025 to 15 March 2025 due to an emergency at home. Feel free to reach me in case of urgent matters.

Regards,
Rodney"
Medical Leave Application,"Respected Manager, Kindly approve my leave from 01 April 2025 to 02 April 2025 as I have a medical appointment. I will ensure all tasks are handed over.

Sincerely,
Michelle"
Sick Leave Application,"Hi, I would like to apply for leave from 11 January 2025 to 16 January 2025 due to an illness. Please confirm if this is approved.

Regards,
Emily"
Request for Personal Leave,"Respected Manager, Kindly approve my leave from 06 May 2025 to 11 May 2025 as I have an emergency at home. I will ensure all tasks are handed over.

Sincerely,
Corey"
Medical Leave Application,"Hi Team, Please note I will be on leave from 20 March 2025 to 24 March 2025 due to mental health reasons. Feel free to reach me in case of urgent matters.

Regards,
Jessica"
Request for Personal Leave,"Dear HR, I need a few days off from 22 January 2025 to 26 January 2025 because of mental health reasons. Let me know if any formalities are needed.

Thanks,
John"
Vacation Request,"Hi, I would like to apply for leave from 06 February 2025 to 07 February 2025 due to an emergency at home. Please confirm if this is approved.

Regards,
Amanda"
Annual Leave Plan,"Respected Manager, Kindly approve my leave from 28 January 2025 to 02 February 2025 as I have urgent travel. I will ensure all tasks are handed over.

Sincerely,
Robert"
Urgent Leave Required,"Hi Team, Please note I will be on leave from 24 February 2025 to 25 February 2025 due to a wedding in the family. Feel free to reach me in case of urgent matters.

Regards,
Steven"
Medical Leave Application,"Hi Team, Please note I will be on leave from 15 January 2025 to 16 January 2025 due to an illness. Feel free to reach me in case of urgent matters.

Regards,
Scott"
Vacation Request,"Hello, I am writing to request leave for the dates 17 April 2025 to 21 April 2025. The reason for my absence is a wedding in the family. Hoping for your understanding.

Best,
Corey"
Vacation Request,"Dear HR, I need a few days off from 07 May 2025 to 12 May 2025 because of personal reasons. Let me know if any formalities are needed.

Thanks,
Yvette"
Urgent Leave Required,"Hi Team, Please note I will be on leave from 03 January 2025 to 07 January 2025 due to personal reasons. Feel free to reach me in case of urgent matters.

Regards,
Tanya"
Family Emergency Leave,"Hi Team, Please note I will be on leave from 15 February 2025 to 18 February 2025 due to an emergency at home. Feel free to reach me in case of urgent matters.

Regards,
Gabriel"
Leave Application,"Dear HR, I need a few days off from 05 April 2025 to 08 April 2025 because of an illness. Let me know if any formalities are needed.

Thanks,
Timothy"
Urgent Leave Required,"Respected Manager, Kindly approve my leave from 19 March 2025 to 24 March 2025 as I have mental health reasons. I will ensure all tasks are handed over.

Sincerely,
Rachel"
Time Off Request,"Dear HR, I need a few days off from 01 February 2025 to 05 February 2025 because of vacation plans. Let me know if any formalities are needed.

Thanks,
Nicholas"
Annual Leave Plan,"Hi, I would like to apply for leave from 17 March 2025 to 21 March 2025 due to personal reasons. Please confirm if this is approved.

Regards,
Joseph"
Vacation Request,"Respected Manager, Kindly approve my leave from 30 March 2025 to 04 April 2025 as I have mental health reasons. I will ensure all tasks are handed over.

Sincerely,
Justin"
Request for Personal Leave,"Dear HR, I need a few days off from 16 May 2025 to 18 May 2025 because of an illness. Let me know if any formalities are needed.

Thanks,
Susan"
Emergency Leave Needed,"Hi, I would like to apply for leave from 18 April 2025 to 20 April 2025 due to a family function. Please confirm if this is approved.

Regards,
Dorothy"
Emergency Leave Needed,"Hi, I would like to apply for leave from 05 April 2025 to 09 April 2025 due to mental health reasons. Please confirm if this is approved.

Regards,
Eric"
Time Off Request,"Dear HR, I need a few days off from 27 February 2025 to 03 March 2025 because of mental health reasons. Let me know if any formalities are needed.

Thanks,
Jeff"
Urgent Leave Required,"Dear HR, I need a few days off from 12 January 2025 to 16 January 2025 because of an emergency at home. Let me know if any formalities are needed.

Thanks,
Beth"
Sick Leave Application,"Hello, I am writing to request leave for the dates 16 April 2025 to 17 April 2025. The reason for my absence is a medical appointment. Hoping for your understanding.

Best,
Bruce"
Emergency Leave Needed,"Hello, I am writing to request leave for the dates 02 March 2025 to 04 March 2025. The reason for my absence is religious observances. Hoping for your understanding.

Best,
Brian"
Leave Application,"Hi, I would like to apply for leave from 24 April 2025 to 29 April 2025 due to urgent travel. Please confirm if this is approved.

Regards,
Thomas"
Time Off Request,"Hi Team, Please note I will be on leave from 14 April 2025 to 16 April 2025 due to vacation plans. Feel free to reach me in case of urgent matters.

Regards,
Eric"
Annual Leave Plan,"Hello, I am writing to request leave for the dates 09 April 2025 to 14 April 2025. The reason for my absence is a wedding in the family. Hoping for your understanding.

Best,
Christopher"
Family Emergency Leave,"Hi Team, Please note I will be on leave from 06 February 2025 to 11 February 2025 due to an emergency at home. Feel free to reach me in case of urgent matters.

Regards,
Casey"
Time Off Request,"Hello, I am writing to request leave for the dates 14 January 2025 to 16 January 2025. The reason for my absence is vacation plans. Hoping for your understanding.

Best,
Emma"
Vacation Request,"Hi Team, Please note I will be on leave from 15 February 2025 to 17 February 2025 due to an illness. Feel free to reach me in case of urgent matters.

Regards,
Richard"
Time Off Request,"Hello, I am writing to request leave for the dates 21 April 2025 to 23 April 2025. The reason for my absence is an illness. Hoping for your understanding.

Best,
John"
Request for Personal Leave,"Respected Manager, Kindly approve my leave from 26 April 2025 to 29 April 2025 as I have urgent travel. I will ensure all tasks are handed over.

Sincerely,
Bernard"
Medical Leave Application,"Hi, I would like to apply for leave from 16 January 2025 to 19 January 2025 due to religious observances. Please confirm if this is approved.

Regards,
Robert"
Sick Leave Application,"Hello, I am writing to request leave for the dates 24 April 2025 to 26 April 2025. The reason for my absence is urgent travel. Hoping for your understanding.

Best,
Annette"
Sick Leave Application,"Hello, I am writing to request leave for the dates 03 March 2025 to 05 March 2025. The reason for my absence is a medical appointment. Hoping for your understanding.

Best,
Sarah"
Urgent Leave Required,"Hello, I am writing to request leave for the dates 09 February 2025 to 12 February 2025. The reason for my absence is religious observances. Hoping for your understanding.

Best,
Elizabeth"
Urgent Leave Required,"Hello, I am writing to request leave for the dates 03 March 2025 to 04 March 2025. The reason for my absence is urgent travel. Hoping for your understanding.

Best,
John"
Urgent Leave Required,"Hi Team, Please note I will be on leave from 18 March 2025 to 23 March 2025 due to a family function. Feel free to reach me in case of urgent matters.

Regards,
David"
Urgent Leave Required,"Respected Manager, Kindly approve my leave from 06 May 2025 to 10 May 2025 as I have a family function. I will ensure all tasks are handed over.

Sincerely,
Kevin"
Vacation Request,"Hi Team, Please note I will be on leave from 03 March 2025 to 07 March 2025 due to an emergency at home. Feel free to reach me in case of urgent matters.

Regards,
Sarah"
Annual Leave Plan,"Hello, I am writing to request leave for the dates 15 January 2025 to 20 January 2025. The reason for my absence is urgent travel. Hoping for your understanding.

Best,
Albert"
Emergency Leave Needed,"Hello, I am writing to request leave for the dates 01 May 2025 to 04 May 2025. The reason for my absence is an emergency at home. Hoping for your understanding.

Best,
Yolanda"
Leave Application,"Hello, I am writing to request leave for the dates 20 January 2025 to 24 January 2025. The reason for my absence is a wedding in the family. Hoping for your understanding.

Best,
Charles"
Sick Leave Application,"Hi Team, Please note I will be on leave from 11 February 2025 to 15 February 2025 due to personal reasons. Feel free to reach me in case of urgent matters.

Regards,
William"
Annual Leave Plan,"Hi Team, Please note I will be on leave from 26 January 2025 to 27 January 2025 due to an emergency at home. Feel free to reach me in case of urgent matters.

Regards,
Sarah"
Family Emergency Leave,"Hello, I am writing to request leave for the dates 14 January 2025 to 15 January 2025. The reason for my absence is a medical appointment. Hoping for your understanding.

Best,
Natasha"
Sick Leave Application,"Hi, I would like to apply for leave from 13 March 2025 to 17 March 2025 due to personal reasons. Please confirm if this is approved.

Regards,
Justin"
Vacation Request,"Dear HR, I need a few days off from 27 March 2025 to 31 March 2025 because of a wedding in the family. Let me know if any formalities are needed.

Thanks,
Martha"
Time Off Request,"Hello, I am writing to request leave for the dates 17 May 2025 to 20 May 2025. The reason for my absence is a wedding in the family. Hoping for your understanding.

Best,
Kevin"
Vacation Request,"Hi, I would like to apply for leave from 07 May 2025 to 11 May 2025 due to an illness. Please confirm if this is approved.

Regards,
Allison"
Time Off Request,"Hi, I would like to apply for leave from 10 May 2025 to 11 May 2025 due to religious observances. Please confirm if this is approved.

Regards,
Lisa"
Medical Leave Application,"Hi, I would like to apply for leave from 28 February 2025 to 02 March 2025 due to a medical appointment. Please confirm if this is approved.

Regards,
Sarah"
Leave Application,"Hi, I would like to apply for leave from 21 January 2025 to 23 January 2025 due to urgent travel. Please confirm if this is approved.

Regards,
Sheila"
Family Emergency Leave,"Dear HR, I need a few days off from 27 January 2025 to 29 January 2025 because of urgent travel. Let me know if any formalities are needed.

Thanks,
Joseph"
Time Off Request,"Dear HR, I need a few days off from 21 January 2025 to 22 January 2025 because of mental health reasons. Let me know if any formalities are needed.

Thanks,
Julia"
Time Off Request,"Dear HR, I need a few days off from 31 January 2025 to 03 February 2025 because of a wedding in the family. Let me know if any formalities are needed.

Thanks,
Joseph"
Family Emergency Leave,"Dear HR, I need a few days off from 28 April 2025 to 03 May 2025 because of a medical appointment. Let me know if any formalities are needed.

Thanks,
Jason"
Vacation Request,"Hi, I would like to apply for leave from 08 March 2025 to 09 March 2025 due to mental health reasons. Please confirm if this is approved.

Regards,
James"
Vacation Request,"Hello, I am writing to request leave for the dates 04 May 2025 to 09 May 2025. The reason for my absence is an emergency at home. Hoping for your understanding.

Best,
Melissa"
Emergency Leave Needed,"Dear HR, I need a few days off from 09 April 2025 to 10 April 2025 because of mental health reasons. Let me know if any formalities are needed.

Thanks,
Tracy"
Request for Personal Leave,"Hi, I would like to apply for leave from 10 January 2025 to 13 January 2025 due to mental health reasons. Please confirm if this is approved.

Regards,
Christopher"
Family Emergency Leave,"Hi Team, Please note I will be on leave from 24 March 2025 to 25 March 2025 due to a wedding in the family. Feel free to reach me in case of urgent matters.

Regards,
Maria"
Urgent Leave Required,"Hi Team, Please note I will be on leave from 09 January 2025 to 12 January 2025 due to a medical appointment. Feel free to reach me in case of urgent matters.

Regards,
Adam"
Medical Leave Application,"Hello, I am writing to request leave for the dates 26 January 2025 to 27 January 2025. The reason for my absence is an emergency at home. Hoping for your understanding.

Best,
Dana"
Request for Personal Leave,"Hello, I am writing to request leave for the dates 20 February 2025 to 24 February 2025. The reason for my absence is a wedding in the family. Hoping for your understanding.

Best,
Evan"
Sick Leave Application,"Hi Team, Please note I will be on leave from 27 March 2025 to 31 March 2025 due to personal reasons. Feel free to reach me in case of urgent matters.

Regards,
Andrea"
Vacation Request,"Hello, I am writing to request leave for the dates 25 March 2025 to 30 March 2025. The reason for my absence is religious observances. Hoping for your understanding.

Best,
Ann"
Time Off Request,"Respected Manager, Kindly approve my leave from 22 January 2025 to 26 January 2025 as I have mental health reasons. I will ensure all tasks are handed over.

Sincerely,
Charles"
Medical Leave Application,"Respected Manager, Kindly approve my leave from 15 May 2025 to 17 May 2025 as I have a medical appointment. I will ensure all tasks are handed over.

Sincerely,
Rebecca"
Time Off Request,"Hi Team, Please note I will be on leave from 16 April 2025 to 18 April 2025 due to vacation plans. Feel free to reach me in case of urgent matters.

Regards,
Barry"
Family Emergency Leave,"Hi, I would like to apply for leave from 13 March 2025 to 17 March 2025 due to a wedding in the family. Please confirm if this is approved.

Regards,
Brandi"
Time Off Request,"Hello, I am writing to request leave for the dates 29 January 2025 to 01 February 2025. The reason for my absence is personal reasons. Hoping for your understanding.

Best,
Russell"
Emergency Leave Needed,"Respected Manager, Kindly approve my leave from 09 January 2025 to 12 January 2025 as I have an illness. I will ensure all tasks are handed over.

Sincerely,
Kyle"
Vacation Request,"Hi Team, Please note I will be on leave from 08 January 2025 to 13 January 2025 due to an illness. Feel free to reach me in case of urgent matters.

Regards,
Rachel"
Leave Application,"Hi, I would like to apply for leave from 10 February 2025 to 15 February 2025 due to urgent travel. Please confirm if this is approved.

Regards,
Evelyn"
Emergency Leave Needed,"Hi Team, Please note I will be on leave from 10 May 2025 to 14 May 2025 due to vacation plans. Feel free to reach me in case of urgent matters.

Regards,
Curtis"
Emergency Leave Needed,"Hello, I am writing to request leave for the dates 19 April 2025 to 23 April 2025. The reason for my absence is vacation plans. Hoping for your understanding.

Best,
Nicole"
Leave Application,"Dear HR, I need a few days off from 20 March 2025 to 21 March 2025 because of an illness. Let me know if any formalities are needed.

Thanks,
Terri"
Urgent Leave Required,"Hi Team, Please note I will be on leave from 31 January 2025 to 02 February 2025 due to an illness. Feel free to reach me in case of urgent matters.

Regards,
Sara"
Medical Leave Application,"Hi Team, Please note I will be on leave from 15 February 2025 to 19 February 2025 due to religious observances. Feel free to reach me in case of urgent matters.

Regards,
Michelle"
Medical Leave Application,"Respected Manager, Kindly approve my leave from 04 February 2025 to 08 February 2025 as I have religious observances. I will ensure all tasks are handed over.

Sincerely,
Nicole"
Medical Leave Application,"Respected Manager, Kindly approve my leave from 05 January 2025 to 09 January 2025 as I have an illness. I will ensure all tasks are handed over.

Sincerely,
Harry"
Vacation Request,"Dear HR, I need a few days off from 06 March 2025 to 08 March 2025 because of a medical appointment. Let me know if any formalities are needed.

Thanks,
Kimberly"
Medical Leave Application,"Dear HR, I need a few days off from 21 March 2025 to 22 March 2025 because of religious observances. Let me know if any formalities are needed.

Thanks,
Leah"
Emergency Leave Needed,"Respected Manager, Kindly approve my leave from 18 February 2025 to 20 February 2025 as I have vacation plans. I will ensure all tasks are handed over.

Sincerely,
Joseph"
Family Emergency Leave,"Respected Manager, Kindly approve my leave from 17 May 2025 to 22 May 2025 as I have mental health reasons. I will ensure all tasks are handed over.

Sincerely,
Daniel"
Request for Personal Leave,"Dear HR, I need a few days off from 08 January 2025 to 10 January 2025 because of an illness. Let me know if any formalities are needed.

Thanks,
Michele"
Medical Leave Application,"Hi, I would like to apply for leave from 13 February 2025 to 15 February 2025 due to an illness. Please confirm if this is approved.

Regards,
James"
Annual Leave Plan,"Hi, I would like to apply for leave from 31 March 2025 to 02 April 2025 due to an illness. Please confirm if this is approved.

Regards,
Michael"
Leave Application,"Dear HR, I need a few days off from 14 February 2025 to 19 February 2025 because of an illness. Let me know if any formalities are needed.

Thanks,
Jeffrey"
Time Off Request,"Hi Team, Please note I will be on leave from 09 May 2025 to 10 May 2025 due to a family function. Feel free to reach me in case of urgent matters.

Regards,
James"
Vacation Request,"Hello, I am writing to request leave for the dates 05 March 2025 to 09 March 2025. The reason for my absence is vacation plans. Hoping for your understanding.

Best,
Joshua"
Medical Leave Application,"Respected Manager, Kindly approve my leave from 14 January 2025 to 16 January 2025 as I have a family function. I will ensure all tasks are handed over.

Sincerely,
Tammy"
Time Off Request,"Hello, I am writing to request leave for the dates 24 February 2025 to 25 February 2025. The reason for my absence is a medical appointment. Hoping for your understanding.

Best,
Michael"
Time Off Request,"Hi, I would like to apply for leave from 09 April 2025 to 10 April 2025 due to mental health reasons. Please confirm if this is approved.

Regards,
Ricardo"
Sick Leave Application,"Respected Manager, Kindly approve my leave from 15 April 2025 to 17 April 2025 as I have mental health reasons. I will ensure all tasks are handed over.

Sincerely,
Mark"
Request for Personal Leave,"Hi Team, Please note I will be on leave from 06 January 2025 to 08 January 2025 due to a medical appointment. Feel free to reach me in case of urgent matters.

Regards,
Darrell"
Urgent Leave Required,"Hi Team, Please note I will be on leave from 20 February 2025 to 25 February 2025 due to mental health reasons. Feel free to reach me in case of urgent matters.

Regards,
Gregory"
Emergency Leave Needed,"Hello, I am writing to request leave for the dates 21 February 2025 to 26 February 2025. The reason for my absence is an emergency at home. Hoping for your understanding.

Best,
Benjamin"
Time Off Request,"Hello, I am writing to request leave for the dates 26 April 2025 to 29 April 2025. The reason for my absence is mental health reasons. Hoping for your understanding.

Best,
Ryan"
Vacation Request,"Hi, I would like to apply for leave from 02 March 2025 to 07 March 2025 due to mental health reasons. Please confirm if this is approved.

Regards,
Samuel"
Family Emergency Leave,"Dear HR, I need a few days off from 10 April 2025 to 11 April 2025 because of urgent travel. Let me know if any formalities are needed.

Thanks,
Darrell"
Vacation Request,"Dear HR, I need a few days off from 22 April 2025 to 23 April 2025 because of personal reasons. Let me know if any formalities are needed.

Thanks,
James"
Sick Leave Application,"Dear HR, I need a few days off from 09 January 2025 to 14 January 2025 because of a medical appointment. Let me know if any formalities are needed.

Thanks,
Jeanne"
Leave Application,"Hi Team, Please note I will be on leave from 01 January 2025 to 05 January 2025 due to vacation plans. Feel free to reach me in case of urgent matters.

Regards,
April"
Time Off Request,"Dear HR, I need a few days off from 15 April 2025 to 18 April 2025 because of a family function. Let me know if any formalities are needed.

Thanks,
Gloria"
Vacation Request,"Hi, I would like to apply for leave from 11 May 2025 to 14 May 2025 due to vacation plans. Please confirm if this is approved.

Regards,
James"
Emergency Leave Needed,"Dear HR, I need a few days off from 25 March 2025 to 28 March 2025 because of mental health reasons. Let me know if any formalities are needed.

Thanks,
Chad"
Urgent Leave Required,"Dear HR, I need a few days off from 09 May 2025 to 10 May 2025 because of religious observances. Let me know if any formalities are needed.

Thanks,
Samantha"
Sick Leave Application,"Hi, I would like to apply for leave from 02 May 2025 to 05 May 2025 due to personal reasons. Please confirm if this is approved.

Regards,
Lee"
Leave Application,"Hi Team, Please note I will be on leave from 25 January 2025 to 27 January 2025 due to an illness. Feel free to reach me in case of urgent matters.

Regards,
Jennifer"
Family Emergency Leave,"Hi, I would like to apply for leave from 28 February 2025 to 03 March 2025 due to vacation plans. Please confirm if this is approved.

Regards,
William"
Time Off Request,"Respected Manager, Kindly approve my leave from 10 May 2025 to 13 May 2025 as I have an emergency at home. I will ensure all tasks are handed over.

Sincerely,
Ricky"
Annual Leave Plan,"Hello, I am writing to request leave for the dates 20 March 2025 to 25 March 2025. The reason for my absence is vacation plans. Hoping for your understanding.

Best,
Heidi"
Request for Personal Leave,"Hello, I am writing to request leave for the dates 18 April 2025 to 23 April 2025. The reason for my absence is a family function. Hoping for your understanding.

Best,
David"
Medical Leave Application,"Hi, I would like to apply for leave from 23 March 2025 to 28 March 2025 due to an illness. Please confirm if this is approved.

Regards,
Elizabeth"
Request for Personal Leave,"Hi Team, Please note I will be on leave from 15 March 2025 to 17 March 2025 due to mental health reasons. Feel free to reach me in case of urgent matters.

Regards,
Erica"
Leave Application,"Hi, I would like to apply for leave from 03 February 2025 to 06 February 2025 due to mental health reasons. Please confirm if this is approved.

Regards,
Christina"
Sick Leave Application,"Hello, I am writing to request leave for the dates 28 February 2025 to 04 March 2025. The reason for my absence is religious observances. Hoping for your understanding.

Best,
Richard"
Vacation Request,"Hello, I am writing to request leave for the dates 01 January 2025 to 03 January 2025. The reason for my absence is mental health reasons. Hoping for your understanding.

Best,
Kevin"
Time Off Request,"Respected Manager, Kindly approve my leave from 10 February 2025 to 11 February 2025 as I have vacation plans. I will ensure all tasks are handed over.

Sincerely,
Russell"
Urgent Leave Required,"Hi, I would like to apply for leave from 23 April 2025 to 26 April 2025 due to a wedding in the family. Please confirm if this is approved.

Regards,
Catherine"
Sick Leave Application,"Hello, I am writing to request leave for the dates 04 March 2025 to 07 March 2025. The reason for my absence is an emergency at home. Hoping for your understanding.

Best,
Steven"
Vacation Request,"Hi, I would like to apply for leave from 27 March 2025 to 31 March 2025 due to religious observances. Please confirm if this is approved.

Regards,
Emma"
Time Off Request,"Respected Manager, Kindly approve my leave from 10 April 2025 to 11 April 2025 as I have a wedding in the family. I will ensure all tasks are handed over.

Sincerely,
Thomas"
Medical Leave Application,"Hi Team, Please note I will be on leave from 02 February 2025 to 03 February 2025 due to an emergency at home. Feel free to reach me in case of urgent matters.

Regards,
Donna"
Leave Application,"Hello, I am writing to request leave for the dates 25 February 2025 to 02 March 2025. The reason for my absence is vacation plans. Hoping for your understanding.

Best,
Zachary"
Leave Application,"Respected Manager, Kindly approve my leave from 03 May 2025 to 05 May 2025 as I have religious observances. I will ensure all tasks are handed over.

Sincerely,
Christine"
Family Emergency Leave,"Hi, I would like to apply for leave from 19 January 2025 to 23 January 2025 due to vacation plans. Please confirm if this is approved.

Regards,
Loretta"
Emergency Leave Needed,"Dear HR, I need a few days off from 15 February 2025 to 18 February 2025 because of religious observances. Let me know if any formalities are needed.

Thanks,
Emily"
Vacation Request,"Hi, I would like to apply for leave from 13 February 2025 to 17 February 2025 due to vacation plans. Please confirm if this is approved.

Regards,
Lindsay"
Leave Application,"Dear HR, I need a few days off from 29 January 2025 to 03 February 2025 because of urgent travel. Let me know if any formalities are needed.

Thanks,
Andrew"
Vacation Request,"Hi Team, Please note I will be on leave from 17 February 2025 to 22 February 2025 due to a family function. Feel free to reach me in case of urgent matters.

Regards,
Tracey"
Urgent Leave Required,"Hi, I would like to apply for leave from 29 April 2025 to 30 April 2025 due to urgent travel. Please confirm if this is approved.

Regards,
Melissa"
Time Off Request,"Hello, I am writing to request leave for the dates 15 January 2025 to 16 January 2025. The reason for my absence is personal reasons. Hoping for your understanding.

Best,
Stanley"
Vacation Request,"Hello, I am writing to request leave for the dates 03 May 2025 to 08 May 2025. The reason for my absence is an illness. Hoping for your understanding.

Best,
Barbara"
Time Off Request,"Hello, I am writing to request leave for the dates 16 May 2025 to 20 May 2025. The reason for my absence is urgent travel. Hoping for your understanding.

Best,
Patrick"
Annual Leave Plan,"Dear HR, I need a few days off from 19 March 2025 to 21 March 2025 because of an emergency at home. Let me know if any formalities are needed.

Thanks,
John"
Family Emergency Leave,"Hi, I would like to apply for leave from 08 May 2025 to 13 May 2025 due to personal reasons. Please confirm if this is approved.

Regards,
Grace"
Vacation Request,"Hi Team, Please note I will be on leave from 21 January 2025 to 25 January 2025 due to a wedding in the family. Feel free to reach me in case of urgent matters.

Regards,
Kimberly"
Vacation Request,"Respected Manager, Kindly approve my leave from 12 February 2025 to 13 February 2025 as I have an illness. I will ensure all tasks are handed over.

Sincerely,
Gregory"
Family Emergency Leave,"Dear HR, I need a few days off from 16 May 2025 to 21 May 2025 because of vacation plans. Let me know if any formalities are needed.

Thanks,
April"
Time Off Request,"Respected Manager, Kindly approve my leave from 10 January 2025 to 15 January 2025 as I have vacation plans. I will ensure all tasks are handed over.

Sincerely,
Angela"
Medical Leave Application,"Hello, I am writing to request leave for the dates 24 January 2025 to 29 January 2025. The reason for my absence is religious observances. Hoping for your understanding.

Best,
Stephen"
Time Off Request,"Dear HR, I need a few days off from 01 April 2025 to 04 April 2025 because of urgent travel. Let me know if any formalities are needed.

Thanks,
Elizabeth"
Family Emergency Leave,"Hello, I am writing to request leave for the dates 19 April 2025 to 23 April 2025. The reason for my absence is urgent travel. Hoping for your understanding.

Best,
Caitlin"
Leave Application,"Hello, I am writing to request leave for the dates 27 March 2025 to 30 March 2025. The reason for my absence is vacation plans. Hoping for your understanding.

Best,
Cheyenne"
Urgent Leave Required,"Hi, I would like to apply for leave from 09 April 2025 to 11 April 2025 due to vacation plans. Please confirm if this is approved.

Regards,
Ronald"
Sick Leave Application,"Respected Manager, Kindly approve my leave from 17 April 2025 to 22 April 2025 as I have mental health reasons. I will ensure all tasks are handed over.

Sincerely,
Sean"
Request for Personal Leave,"Hi Team, Please note I will be on leave from 31 January 2025 to 04 February 2025 due to a medical appointment. Feel free to reach me in case of urgent matters.

Regards,
Julia"
Time Off Request,"Hello, I am writing to request leave for the dates 03 April 2025 to 04 April 2025. The reason for my absence is personal reasons. Hoping for your understanding.

Best,
Shannon"
Sick Leave Application,"Respected Manager, Kindly approve my leave from 18 February 2025 to 19 February 2025 as I have vacation plans. I will ensure all tasks are handed over.

Sincerely,
Mary"
Medical Leave Application,"Hi, I would like to apply for leave from 23 February 2025 to 28 February 2025 due to an emergency at home. Please confirm if this is approved.

Regards,
Katie"
Medical Leave Application,"Respected Manager, Kindly approve my leave from 12 April 2025 to 17 April 2025 as I have an emergency at home. I will ensure all tasks are handed over.

Sincerely,
Todd"
Time Off Request,"Hi Team, Please note I will be on leave from 16 February 2025 to 21 February 2025 due to a family function. Feel free to reach me in case of urgent matters.

Regards,
Joshua"
Request for Personal Leave,"Dear HR, I need a few days off from 16 January 2025 to 18 January 2025 because of an illness. Let me know if any formalities are needed.

Thanks,
Jennifer"
Request for Personal Leave,"Hi, I would like to apply for leave from 15 February 2025 to 19 February 2025 due to a medical appointment. Please confirm if this is approved.

Regards,
Joseph"
Time Off Request,"Hi, I would like to apply for leave from 04 March 2025 to 06 March 2025 due to an illness. Please confirm if this is approved.

Regards,
Patricia"
Leave Application,"Respected Manager, Kindly approve my leave from 16 January 2025 to 19 January 2025 as I have a family function. I will ensure all tasks are handed over.

Sincerely,
Devon"
Medical Leave Application,"Dear HR, I need a few days off from 14 February 2025 to 17 February 2025 because of an emergency at home. Let me know if any formalities are needed.

Thanks,
Patrick"
Emergency Leave Needed,"Hi Team, Please note I will be on leave from 30 January 2025 to 04 February 2025 due to an emergency at home. Feel free to reach me in case of urgent matters.

Regards,
Jasmine"
Sick Leave Application,"Hi, I would like to apply for leave from 13 January 2025 to 15 January 2025 due to personal reasons. Please confirm if this is approved.

Regards,
Robert"
Family Emergency Leave,"Dear HR, I need a few days off from 06 March 2025 to 10 March 2025 because of mental health reasons. Let me know if any formalities are needed.

Thanks,
Amy"
Time Off Request,"Dear HR, I need a few days off from 22 March 2025 to 27 March 2025 because of personal reasons. Let me know if any formalities are needed.

Thanks,
Bryan"
Time Off Request,"Respected Manager, Kindly approve my leave from 23 March 2025 to 26 March 2025 as I have vacation plans. I will ensure all tasks are handed over.

Sincerely,
Perry"
Leave Application,"Hi Team, Please note I will be on leave from 24 April 2025 to 28 April 2025 due to an illness. Feel free to reach me in case of urgent matters.

Regards,
Sophia"
Sick Leave Application,"Respected Manager, Kindly approve my leave from 04 January 2025 to 05 January 2025 as I have vacation plans. I will ensure all tasks are handed over.

Sincerely,
Melissa"
Family Emergency Leave,"Respected Manager, Kindly approve my leave from 22 April 2025 to 25 April 2025 as I have an emergency at home. I will ensure all tasks are handed over.

Sincerely,
Omar"
Time Off Request,"Hello, I am writing to request leave for the dates 02 January 2025 to 05 January 2025. The reason for my absence is urgent travel. Hoping for your understanding.

Best,
Sherri"
Time Off Request,"Hello, I am writing to request leave for the dates 27 February 2025 to 28 February 2025. The reason for my absence is urgent travel. Hoping for your understanding.

Best,
Karen"
Family Emergency Leave,"Respected Manager, Kindly approve my leave from 23 March 2025 to 26 March 2025 as I have mental health reasons. I will ensure all tasks are handed over.

Sincerely,
Amanda"
Vacation Request,"Respected Manager, Kindly approve my leave from 17 April 2025 to 18 April 2025 as I have an emergency at home. I will ensure all tasks are handed over.

Sincerely,
Lauren"
Leave Application,"Hi Team, Please note I will be on leave from 12 February 2025 to 17 February 2025 due to a family function. Feel free to reach me in case of urgent matters.

Regards,
Tracy"
Time Off Request,"Hi Team, Please note I will be on leave from 22 February 2025 to 25 February 2025 due to urgent travel. Feel free to reach me in case of urgent matters.

Regards,
Ryan"
Medical Leave Application,"Hi Team, Please note I will be on leave from 06 January 2025 to 08 January 2025 due to urgent travel. Feel free to reach me in case of urgent matters.

Regards,
Paul"
Vacation Request,"Hi, I would like to apply for leave from 10 May 2025 to 12 May 2025 due to a medical appointment. Please confirm if this is approved.

Regards,
Erin"
Vacation Request,"Hi Team, Please note I will be on leave from 20 March 2025 to 24 March 2025 due to a family function. Feel free to reach me in case of urgent matters.

Regards,
Jennifer"
Medical Leave Application,"Respected Manager, Kindly approve my leave from 01 April 2025 to 03 April 2025 as I have a medical appointment. I will ensure all tasks are handed over.

Sincerely,
Samantha"
Medical Leave Application,"Dear HR, I need a few days off from 01 May 2025 to 05 May 2025 because of personal reasons. Let me know if any formalities are needed.

Thanks,
Amanda"
Sick Leave Application,"Hi Team, Please note I will be on leave from 18 March 2025 to 23 March 2025 due to a wedding in the family. Feel free to reach me in case of urgent matters.

Regards,
Brittany"
Annual Leave Plan,"Respected Manager, Kindly approve my leave from 09 May 2025 to 12 May 2025 as I have personal reasons. I will ensure all tasks are handed over.

Sincerely,
Anthony"
Time Off Request,"Hi, I would like to apply for leave from 05 May 2025 to 08 May 2025 due to a wedding in the family. Please confirm if this is approved.

Regards,
Roy"
Time Off Request,"Dear HR, I need a few days off from 31 March 2025 to 01 April 2025 because of personal reasons. Let me know if any formalities are needed.

Thanks,
Hunter"
Urgent Leave Required,"Hi, I would like to apply for leave from 20 February 2025 to 25 February 2025 due to a wedding in the family. Please confirm if this is approved.

Regards,
Nicholas"
Urgent Leave Required,"Hi Team, Please note I will be on leave from 11 February 2025 to 12 February 2025 due to an illness. Feel free to reach me in case of urgent matters.

Regards,
Shawn"
Request for Personal Leave,"Respected Manager, Kindly approve my leave from 07 March 2025 to 11 March 2025 as I have a wedding in the family. I will ensure all tasks are handed over.

Sincerely,
Kathleen"
Family Emergency Leave,"Hi, I would like to apply for leave from 15 March 2025 to 19 March 2025 due to a wedding in the family. Please confirm if this is approved.

Regards,
Joshua"
Emergency Leave Needed,"Hi Team, Please note I will be on leave from 23 March 2025 to 27 March 2025 due to a family function. Feel free to reach me in case of urgent matters.

Regards,
Johnny"
Annual Leave Plan,"Dear HR, I need a few days off from 16 January 2025 to 19 January 2025 because of mental health reasons. Let me know if any formalities are needed.

Thanks,
Thomas"
Request for Personal Leave,"Hello, I am writing to request leave for the dates 15 April 2025 to 19 April 2025. The reason for my absence is an illness. Hoping for your understanding.

Best,
Brett"
Request for Personal Leave,"Hi, I would like to apply for leave from 09 March 2025 to 11 March 2025 due to a family function. Please confirm if this is approved.

Regards,
Jeffrey"
Vacation Request,"Hi, I would like to apply for leave from 14 January 2025 to 18 January 2025 due to a medical appointment. Please confirm if this is approved.

Regards,
Kimberly"
Emergency Leave Needed,"Hello, I am writing to request leave for the dates 07 May 2025 to 12 May 2025. The reason for my absence is personal reasons. Hoping for your understanding.

Best,
Billy"
Time Off Request,"Hello, I am writing to request leave for the dates 07 January 2025 to 10 January 2025. The reason for my absence is religious observances. Hoping for your understanding.

Best,
Stefanie"
Family Emergency Leave,"Hi, I would like to apply for leave from 08 February 2025 to 10 February 2025 due to an emergency at home. Please confirm if this is approved.

Regards,
Mary"
Time Off Request,"Respected Manager, Kindly approve my leave from 01 May 2025 to 06 May 2025 as I have an emergency at home. I will ensure all tasks are handed over.

Sincerely,
Elijah"
Leave Application,"Hello, I am writing to request leave for the dates 25 January 2025 to 28 January 2025. The reason for my absence is urgent travel. Hoping for your understanding.

Best,
Thomas"
Time Off Request,"Hi, I would like to apply for leave from 23 January 2025 to 25 January 2025 due to a wedding in the family. Please confirm if this is approved.

Regards,
Anne"
Medical Leave Application,"Hi, I would like to apply for leave from 12 February 2025 to 17 February 2025 due to a wedding in the family. Please confirm if this is approved.

Regards,
Steven"
Urgent Leave Required,"Hi, I would like to apply for leave from 19 February 2025 to 22 February 2025 due to urgent travel. Please confirm if this is approved.

Regards,
Katie"
Time Off Request,"Hi Team, Please note I will be on leave from 02 February 2025 to 03 February 2025 due to urgent travel. Feel free to reach me in case of urgent matters.

Regards,
Catherine"
Leave Application,"Dear HR, I need a few days off from 23 January 2025 to 24 January 2025 because of a wedding in the family. Let me know if any formalities are needed.

Thanks,
Kimberly"
Sick Leave Application,"Hi, I would like to apply for leave from 01 February 2025 to 06 February 2025 due to urgent travel. Please confirm if this is approved.

Regards,
Tami"
Annual Leave Plan,"Dear HR, I need a few days off from 21 January 2025 to 23 January 2025 because of mental health reasons. Let me know if any formalities are needed.

Thanks,
Beth"
Emergency Leave Needed,"Hi Team, Please note I will be on leave from 02 March 2025 to 05 March 2025 due to personal reasons. Feel free to reach me in case of urgent matters.

Regards,
Barbara"
Leave Application,"Dear HR, I need a few days off from 14 March 2025 to 17 March 2025 because of personal reasons. Let me know if any formalities are needed.

Thanks,
Randy"
Annual Leave Plan,"Hi, I would like to apply for leave from 19 May 2025 to 22 May 2025 due to personal reasons. Please confirm if this is approved.

Regards,
James"
Leave Application,"Respected Manager, Kindly approve my leave from 25 April 2025 to 27 April 2025 as I have a family function. I will ensure all tasks are handed over.

Sincerely,
Hannah"
Emergency Leave Needed,"Hi, I would like to apply for leave from 02 May 2025 to 07 May 2025 due to a wedding in the family. Please confirm if this is approved.

Regards,
John"
Sick Leave Application,"Dear HR, I need a few days off from 16 May 2025 to 19 May 2025 because of a family function. Let me know if any formalities are needed.

Thanks,
Kendra"
Urgent Leave Required,"Hi, I would like to apply for leave from 13 May 2025 to 18 May 2025 due to a medical appointment. Please confirm if this is approved.

Regards,
Caroline"
Time Off Request,"Hi Team, Please note I will be on leave from 24 January 2025 to 28 January 2025 due to a wedding in the family. Feel free to reach me in case of urgent matters.

Regards,
Laura"
Family Emergency Leave,"Hi Team, Please note I will be on leave from 20 April 2025 to 21 April 2025 due to vacation plans. Feel free to reach me in case of urgent matters.

Regards,
Kimberly"
Emergency Leave Needed,"Hi Team, Please note I will be on leave from 09 March 2025 to 14 March 2025 due to a family function. Feel free to reach me in case of urgent matters.

Regards,
Amanda"
Vacation Request,"Hi, I would like to apply for leave from 09 May 2025 to 13 May 2025 due to a family function. Please confirm if this is approved.

Regards,
Mitchell"
Time Off Request,"Hi, I would like to apply for leave from 09 April 2025 to 13 April 2025 due to an emergency at home. Please confirm if this is approved.

Regards,
Deborah"
Time Off Request,"Hi, I would like to apply for leave from 03 January 2025 to 07 January 2025 due to a medical appointment. Please confirm if this is approved.

Regards,
Melissa"
Medical Leave Application,"Hi, I would like to apply for leave from 06 April 2025 to 11 April 2025 due to personal reasons. Please confirm if this is approved.

Regards,
Daniel"
Sick Leave Application,"Hi Team, Please note I will be on leave from 12 March 2025 to 15 March 2025 due to mental health reasons. Feel free to reach me in case of urgent matters.

Regards,
Cynthia"
Annual Leave Plan,"Hi Team, Please note I will be on leave from 31 March 2025 to 03 April 2025 due to an emergency at home. Feel free to reach me in case of urgent matters.

Regards,
Jasmine"
Annual Leave Plan,"Hi Team, Please note I will be on leave from 26 March 2025 to 29 March 2025 due to vacation plans. Feel free to reach me in case of urgent matters.

Regards,
Gregory"
Family Emergency Leave,"Hi, I would like to apply for leave from 12 April 2025 to 16 April 2025 due to a medical appointment. Please confirm if this is approved.

Regards,
Tammy"
Annual Leave Plan,"Hello, I am writing to request leave for the dates 22 February 2025 to 24 February 2025. The reason for my absence is an emergency at home. Hoping for your understanding.

Best,
Christina"
Emergency Leave Needed,"Hello, I am writing to request leave for the dates 15 April 2025 to 19 April 2025. The reason for my absence is a wedding in the family. Hoping for your understanding.

Best,
Kim"
Urgent Leave Required,"Respected Manager, Kindly approve my leave from 01 April 2025 to 05 April 2025 as I have a medical appointment. I will ensure all tasks are handed over.

Sincerely,
Ryan"
Urgent Leave Required,"Respected Manager, Kindly approve my leave from 26 April 2025 to 29 April 2025 as I have an illness. I will ensure all tasks are handed over.

Sincerely,
Joseph"
Sick Leave Application,"Hi, I would like to apply for leave from 17 February 2025 to 21 February 2025 due to a medical appointment. Please confirm if this is approved.

Regards,
Mariah"
Request for Personal Leave,"Hi, I would like to apply for leave from 17 January 2025 to 18 January 2025 due to an emergency at home. Please confirm if this is approved.

Regards,
Joshua"
Medical Leave Application,"Hi, I would like to apply for leave from 29 March 2025 to 31 March 2025 due to religious observances. Please confirm if this is approved.

Regards,
John"
Family Emergency Leave,"Respected Manager, Kindly approve my leave from 01 April 2025 to 06 April 2025 as I have religious observances. I will ensure all tasks are handed over.

Sincerely,
Ashley"
Request for Personal Leave,"Hello, I am writing to request leave for the dates 10 May 2025 to 14 May 2025. The reason for my absence is a wedding in the family. Hoping for your understanding.

Best,
Nicholas"
Leave Application,"Respected Manager, Kindly approve my leave from 06 January 2025 to 09 January 2025 as I have mental health reasons. I will ensure all tasks are handed over.

Sincerely,
Troy"
Medical Leave Application,"Hi Team, Please note I will be on leave from 05 March 2025 to 06 March 2025 due to mental health reasons. Feel free to reach me in case of urgent matters.

Regards,
Hunter"
Emergency Leave Needed,"Dear HR, I need a few days off from 11 February 2025 to 13 February 2025 because of vacation plans. Let me know if any formalities are needed.

Thanks,
Michael"
Request for Personal Leave,"Respected Manager, Kindly approve my leave from 20 February 2025 to 23 February 2025 as I have religious observances. I will ensure all tasks are handed over.

Sincerely,
Matthew"
Request for Personal Leave,"Dear HR, I need a few days off from 26 April 2025 to 29 April 2025 because of mental health reasons. Let me know if any formalities are needed.

Thanks,
Jacqueline"
Urgent Leave Required,"Hi Team, Please note I will be on leave from 23 February 2025 to 28 February 2025 due to mental health reasons. Feel free to reach me in case of urgent matters.

Regards,
Angela"
Annual Leave Plan,"Respected Manager, Kindly approve my leave from 11 April 2025 to 12 April 2025 as I have mental health reasons. I will ensure all tasks are handed over.

Sincerely,
Stacy"
Leave Application,"Respected Manager, Kindly approve my leave from 17 January 2025 to 19 January 2025 as I have an illness. I will ensure all tasks are handed over.

Sincerely,
John"
Medical Leave Application,"Dear HR, I need a few days off from 20 March 2025 to 23 March 2025 because of a family function. Let me know if any formalities are needed.

Thanks,
Tracy"
Sick Leave Application,"Hi, I would like to apply for leave from 16 February 2025 to 21 February 2025 due to an emergency at home. Please confirm if this is approved.

Regards,
Hannah"
Sick Leave Application,"Hi Team, Please note I will be on leave from 06 May 2025 to 07 May 2025 due to a medical appointment. Feel free to reach me in case of urgent matters.

Regards,
Jennifer"
Emergency Leave Needed,"Hello, I am writing to request leave for the dates 29 March 2025 to 02 April 2025. The reason for my absence is an emergency at home. Hoping for your understanding.

Best,
Laura"
Medical Leave Application,"Respected Manager, Kindly approve my leave from 19 January 2025 to 21 January 2025 as I have a wedding in the family. I will ensure all tasks are handed over.

Sincerely,
Kelly"
Medical Leave Application,"Hi, I would like to apply for leave from 20 March 2025 to 25 March 2025 due to mental health reasons. Please confirm if this is approved.

Regards,
Heather"
Leave Application,"Hi Team, Please note I will be on leave from 01 March 2025 to 03 March 2025 due to personal reasons. Feel free to reach me in case of urgent matters.

Regards,
Elizabeth"
Leave Application,"Hello, I am writing to request leave for the dates 13 March 2025 to 14 March 2025. The reason for my absence is an illness. Hoping for your understanding.

Best,
Thomas"
Urgent Leave Required,"Hello, I am writing to request leave for the dates 14 April 2025 to 18 April 2025. The reason for my absence is mental health reasons. Hoping for your understanding.

Best,
Maurice"
Urgent Leave Required,"Hi Team, Please note I will be on leave from 17 April 2025 to 20 April 2025 due to urgent travel. Feel free to reach me in case of urgent matters.

Regards,
Mark"
Request for Personal Leave,"Hi, I would like to apply for leave from 17 May 2025 to 20 May 2025 due to an emergency at home. Please confirm if this is approved.

Regards,
Shawn"
Vacation Request,"Hi Team, Please note I will be on leave from 01 March 2025 to 06 March 2025 due to vacation plans. Feel free to reach me in case of urgent matters.

Regards,
John"
Vacation Request,"Hello, I am writing to request leave for the dates 24 January 2025 to 25 January 2025. The reason for my absence is urgent travel. Hoping for your understanding.

Best,
Jennifer"
Family Emergency Leave,"Dear HR, I need a few days off from 03 March 2025 to 04 March 2025 because of a family function. Let me know if any formalities are needed.

Thanks,
David"
Vacation Request,"Respected Manager, Kindly approve my leave from 15 April 2025 to 17 April 2025 as I have personal reasons. I will ensure all tasks are handed over.

Sincerely,
Stephanie"
Vacation Request,"Hi, I would like to apply for leave from 15 May 2025 to 18 May 2025 due to a medical appointment. Please confirm if this is approved.

Regards,
Jacob"
Time Off Request,"Dear HR, I need a few days off from 12 February 2025 to 16 February 2025 because of personal reasons. Let me know if any formalities are needed.

Thanks,
Joanna"
Urgent Leave Required,"Hi Team, Please note I will be on leave from 23 February 2025 to 28 February 2025 due to urgent travel. Feel free to reach me in case of urgent matters.

Regards,
Jenny"
Annual Leave Plan,"Hello, I am writing to request leave for the dates 12 April 2025 to 15 April 2025. The reason for my absence is a medical appointment. Hoping for your understanding.

Best,
Candice"
Leave Application,"Hello, I am writing to request leave for the dates 20 January 2025 to 24 January 2025. The reason for my absence is a family function. Hoping for your understanding.

Best,
Marissa"
Request for Personal Leave,"Hello, I am writing to request leave for the dates 27 February 2025 to 02 March 2025. The reason for my absence is mental health reasons. Hoping for your understanding.

Best,
Jeremy"
Family Emergency Leave,"Respected Manager, Kindly approve my leave from 04 February 2025 to 08 February 2025 as I have an emergency at home. I will ensure all tasks are handed over.

Sincerely,
Kevin"
Request for Personal Leave,"Respected Manager, Kindly approve my leave from 18 May 2025 to 22 May 2025 as I have a family function. I will ensure all tasks are handed over.

Sincerely,
Amanda"
Sick Leave Application,"Respected Manager, Kindly approve my leave from 23 February 2025 to 28 February 2025 as I have vacation plans. I will ensure all tasks are handed over.

Sincerely,
Brandon"
Request for Personal Leave,"Dear HR, I need a few days off from 11 January 2025 to 15 January 2025 because of a medical appointment. Let me know if any formalities are needed.

Thanks,
Angela"
Urgent Leave Required,"Hi Team, Please note I will be on leave from 16 May 2025 to 21 May 2025 due to an emergency at home. Feel free to reach me in case of urgent matters.

Regards,
Sherry"
Request for Personal Leave,"Respected Manager, Kindly approve my leave from 04 May 2025 to 08 May 2025 as I have an illness. I will ensure all tasks are handed over.

Sincerely,
Miranda"
Emergency Leave Needed,"Hi, I would like to apply for leave from 06 April 2025 to 09 April 2025 due to personal reasons. Please confirm if this is approved.

Regards,
Curtis"
Annual Leave Plan,"Hi Team, Please note I will be on leave from 03 January 2025 to 04 January 2025 due to religious observances. Feel free to reach me in case of urgent matters.

Regards,
Audrey"
Emergency Leave Needed,"Dear HR, I need a few days off from 02 April 2025 to 05 April 2025 because of a wedding in the family. Let me know if any formalities are needed.

Thanks,
Timothy"
Emergency Leave Needed,"Respected Manager, Kindly approve my leave from 08 March 2025 to 09 March 2025 as I have personal reasons. I will ensure all tasks are handed over.

Sincerely,
Jack"
Emergency Leave Needed,"Dear HR, I need a few days off from 10 January 2025 to 12 January 2025 because of mental health reasons. Let me know if any formalities are needed.

Thanks,
Johnny"
Request for Personal Leave,"Hello, I am writing to request leave for the dates 03 April 2025 to 05 April 2025. The reason for my absence is vacation plans. Hoping for your understanding.

Best,
Danny"
Family Emergency Leave,"Hi Team, Please note I will be on leave from 13 January 2025 to 18 January 2025 due to vacation plans. Feel free to reach me in case of urgent matters.

Regards,
Richard"
Family Emergency Leave,"Dear HR, I need a few days off from 15 January 2025 to 18 January 2025 because of a wedding in the family. Let me know if any formalities are needed.

Thanks,
Barbara"
Time Off Request,"Hello, I am writing to request leave for the dates 14 May 2025 to 15 May 2025. The reason for my absence is vacation plans. Hoping for your understanding.

Best,
Brian"
Vacation Request,"Hi, I would like to apply for leave from 29 January 2025 to 01 February 2025 due to mental health reasons. Please confirm if this is approved.

Regards,
Lisa"
Medical Leave Application,"Respected Manager, Kindly approve my leave from 28 February 2025 to 05 March 2025 as I have a medical appointment. I will ensure all tasks are handed over.

Sincerely,
Christopher"
Time Off Request,"Hi, I would like to apply for leave from 18 February 2025 to 22 February 2025 due to a family function. Please confirm if this is approved.

Regards,
David"
Medical Leave Application,"Hi, I would like to apply for leave from 22 March 2025 to 25 March 2025 due to a medical appointment. Please confirm if this is approved.

Regards,
Catherine"
Family Emergency Leave,"Hello, I am writing to request leave for the dates 01 May 2025 to 06 May 2025. The reason for my absence is religious observances. Hoping for your understanding.

Best,
Jeremiah"
Time Off Request,"Hi, I would like to apply for leave from 12 April 2025 to 17 April 2025 due to religious observances. Please confirm if this is approved.

Regards,
Omar"
Time Off Request,"Respected Manager, Kindly approve my leave from 27 March 2025 to 01 April 2025 as I have urgent travel. I will ensure all tasks are handed over.

Sincerely,
Kenneth"
Family Emergency Leave,"Dear HR, I need a few days off from 25 April 2025 to 29 April 2025 because of religious observances. Let me know if any formalities are needed.

Thanks,
Veronica"
Leave Application,"Respected Manager, Kindly approve my leave from 01 March 2025 to 05 March 2025 as I have a medical appointment. I will ensure all tasks are handed over.

Sincerely,
Ashley"
Request for Personal Leave,"Hi, I would like to apply for leave from 12 January 2025 to 17 January 2025 due to personal reasons. Please confirm if this is approved.

Regards,
Chelsea"
Emergency Leave Needed,"Hi Team, Please note I will be on leave from 20 January 2025 to 24 January 2025 due to vacation plans. Feel free to reach me in case of urgent matters.

Regards,
Stacey"
Annual Leave Plan,"Respected Manager, Kindly approve my leave from 10 February 2025 to 15 February 2025 as I have personal reasons. I will ensure all tasks are handed over.

Sincerely,
Colleen"
Medical Leave Application,"Hello, I am writing to request leave for the dates 21 February 2025 to 24 February 2025. The reason for my absence is an emergency at home. Hoping for your understanding.

Best,
Donna"
Medical Leave Application,"Respected Manager, Kindly approve my leave from 31 January 2025 to 05 February 2025 as I have a family function. I will ensure all tasks are handed over.

Sincerely,
John"
Request for Personal Leave,"Hi Team, Please note I will be on leave from 18 April 2025 to 21 April 2025 due to a medical appointment. Feel free to reach me in case of urgent matters.

Regards,
Charles"
Urgent Leave Required,"Hi Team, Please note I will be on leave from 01 January 2025 to 04 January 2025 due to an illness. Feel free to reach me in case of urgent matters.

Regards,
Ricky"
Sick Leave Application,"Hi Team, Please note I will be on leave from 14 May 2025 to 17 May 2025 due to a medical appointment. Feel free to reach me in case of urgent matters.

Regards,
Brittney"
Sick Leave Application,"Hello, I am writing to request leave for the dates 26 February 2025 to 01 March 2025. The reason for my absence is an illness. Hoping for your understanding.

Best,
Antonio"
Sick Leave Application,"Respected Manager, Kindly approve my leave from 25 February 2025 to 02 March 2025 as I have a medical appointment. I will ensure all tasks are handed over.

Sincerely,
Jasmine"
Annual Leave Plan,"Dear HR, I need a few days off from 17 May 2025 to 21 May 2025 because of a wedding in the family. Let me know if any formalities are needed.

Thanks,
Michele"
Annual Leave Plan,"Hi Team, Please note I will be on leave from 14 January 2025 to 15 January 2025 due to an emergency at home. Feel free to reach me in case of urgent matters.

Regards,
Grace"
Medical Leave Application,"Respected Manager, Kindly approve my leave from 21 February 2025 to 22 February 2025 as I have a wedding in the family. I will ensure all tasks are handed over.

Sincerely,
Kristin"
Sick Leave Application,"Hello, I am writing to request leave for the dates 02 May 2025 to 04 May 2025. The reason for my absence is a wedding in the family. Hoping for your understanding.

Best,
Brittany"
Emergency Leave Needed,"Dear HR, I need a few days off from 08 February 2025 to 10 February 2025 because of personal reasons. Let me know if any formalities are needed.

Thanks,
Ronald"
Request for Personal Leave,"Hi Team, Please note I will be on leave from 16 April 2025 to 19 April 2025 due to a medical appointment. Feel free to reach me in case of urgent matters.

Regards,
Jeffrey"
Annual Leave Plan,"Respected Manager, Kindly approve my leave from 29 January 2025 to 03 February 2025 as I have a family function. I will ensure all tasks are handed over.

Sincerely,
Rebekah"
Family Emergency Leave,"Hello, I am writing to request leave for the dates 28 January 2025 to 30 January 2025. The reason for my absence is mental health reasons. Hoping for your understanding.

Best,
Charles"
Sick Leave Application,"Hi Team, Please note I will be on leave from 02 February 2025 to 04 February 2025 due to personal reasons. Feel free to reach me in case of urgent matters.

Regards,
Laura"
Sick Leave Application,"Hello, I am writing to request leave for the dates 26 April 2025 to 30 April 2025. The reason for my absence is a family function. Hoping for your understanding.

Best,
Kaitlyn"
Medical Leave Application,"Hi Team, Please note I will be on leave from 21 April 2025 to 23 April 2025 due to vacation plans. Feel free to reach me in case of urgent matters.

Regards,
Samantha"
Vacation Request,"Hi Team, Please note I will be on leave from 27 March 2025 to 31 March 2025 due to urgent travel. Feel free to reach me in case of urgent matters.

Regards,
David"
Emergency Leave Needed,"Dear HR, I need a few days off from 14 May 2025 to 17 May 2025 because of vacation plans. Let me know if any formalities are needed.

Thanks,
Kevin"
Medical Leave Application,"Hello, I am writing to request leave for the dates 20 March 2025 to 25 March 2025. The reason for my absence is vacation plans. Hoping for your understanding.

Best,
Sherri"
Vacation Request,"Hi Team, Please note I will be on leave from 08 April 2025 to 12 April 2025 due to religious observances. Feel free to reach me in case of urgent matters.

Regards,
Amber"
Urgent Leave Required,"Hi Team, Please note I will be on leave from 27 March 2025 to 29 March 2025 due to urgent travel. Feel free to reach me in case of urgent matters.

Regards,
Christopher"
Sick Leave Application,"Hello, I am writing to request leave for the dates 08 January 2025 to 11 January 2025. The reason for my absence is a family function. Hoping for your understanding.

Best,
Pamela"
Medical Leave Application,"Hi Team, Please note I will be on leave from 04 March 2025 to 09 March 2025 due to a medical appointment. Feel free to reach me in case of urgent matters.

Regards,
Cassandra"
Request for Personal Leave,"Dear HR, I need a few days off from 06 January 2025 to 09 January 2025 because of a medical appointment. Let me know if any formalities are needed.

Thanks,
Christopher"
Vacation Request,"Dear HR, I need a few days off from 11 May 2025 to 15 May 2025 because of religious observances. Let me know if any formalities are needed.

Thanks,
Mary"
Urgent Leave Required,"Hello, I am writing to request leave for the dates 22 April 2025 to 23 April 2025. The reason for my absence is urgent travel. Hoping for your understanding.

Best,
Brenda"
Medical Leave Application,"Hi, I would like to apply for leave from 05 January 2025 to 06 January 2025 due to an emergency at home. Please confirm if this is approved.

Regards,
Yvonne"
Urgent Leave Required,"Dear HR, I need a few days off from 11 May 2025 to 16 May 2025 because of a wedding in the family. Let me know if any formalities are needed.

Thanks,
Lori"
Urgent Leave Required,"Dear HR, I need a few days off from 22 April 2025 to 23 April 2025 because of a wedding in the family. Let me know if any formalities are needed.

Thanks,
Billy"
Leave Application,"Respected Manager, Kindly approve my leave from 04 February 2025 to 07 February 2025 as I have a medical appointment. I will ensure all tasks are handed over.

Sincerely,
Thomas"
Sick Leave Application,"Respected Manager, Kindly approve my leave from 07 May 2025 to 09 May 2025 as I have a family function. I will ensure all tasks are handed over.

Sincerely,
Scott"
Time Off Request,"Hello, I am writing to request leave for the dates 24 February 2025 to 26 February 2025. The reason for my absence is vacation plans. Hoping for your understanding.

Best,
Howard"
Family Emergency Leave,"Hi, I would like to apply for leave from 24 April 2025 to 25 April 2025 due to a medical appointment. Please confirm if this is approved.

Regards,
Ryan"
Vacation Request,"Hi Team, Please note I will be on leave from 06 April 2025 to 08 April 2025 due to personal reasons. Feel free to reach me in case of urgent matters.

Regards,
Tanya"
Family Emergency Leave,"Hi, I would like to apply for leave from 02 April 2025 to 07 April 2025 due to an emergency at home. Please confirm if this is approved.

Regards,
Michael"
Vacation Request,"Hi, I would like to apply for leave from 06 March 2025 to 08 March 2025 due to an illness. Please confirm if this is approved.

Regards,
Manuel"
Leave Application,"Hi Team, Please note I will be on leave from 21 January 2025 to 23 January 2025 due to an emergency at home. Feel free to reach me in case of urgent matters.

Regards,
Mia"
Time Off Request,"Hello, I am writing to request leave for the dates 06 March 2025 to 07 March 2025. The reason for my absence is a medical appointment. Hoping for your understanding.

Best,
Robert"
Family Emergency Leave,"Hi Team, Please note I will be on leave from 07 April 2025 to 12 April 2025 due to a family function. Feel free to reach me in case of urgent matters.

Regards,
Keith"
Family Emergency Leave,"Respected Manager, Kindly approve my leave from 19 March 2025 to 21 March 2025 as I have personal reasons. I will ensure all tasks are handed over.

Sincerely,
Lisa"
Urgent Leave Required,"Respected Manager, Kindly approve my leave from 17 April 2025 to 18 April 2025 as I have mental health reasons. I will ensure all tasks are handed over.

Sincerely,
Benjamin"
Emergency Leave Needed,"Dear HR, I need a few days off from 18 January 2025 to 23 January 2025 because of an emergency at home. Let me know if any formalities are needed.

Thanks,
Leonard"
Request for Personal Leave,"Hi, I would like to apply for leave from 04 March 2025 to 09 March 2025 due to a wedding in the family. Please confirm if this is approved.

Regards,
Darrell"
Annual Leave Plan,"Hi Team, Please note I will be on leave from 20 March 2025 to 25 March 2025 due to religious observances. Feel free to reach me in case of urgent matters.

Regards,
Michelle"
Annual Leave Plan,"Hello, I am writing to request leave for the dates 01 January 2025 to 02 January 2025. The reason for my absence is an emergency at home. Hoping for your understanding.

Best,
Diane"
Leave Application,"Respected Manager, Kindly approve my leave from 16 April 2025 to 20 April 2025 as I have a wedding in the family. I will ensure all tasks are handed over.

Sincerely,
Steven"
Leave Application,"Respected Manager, Kindly approve my leave from 11 January 2025 to 14 January 2025 as I have a medical appointment. I will ensure all tasks are handed over.

Sincerely,
Jacob"
Emergency Leave Needed,"Respected Manager, Kindly approve my leave from 12 March 2025 to 13 March 2025 as I have mental health reasons. I will ensure all tasks are handed over.

Sincerely,
Cindy"
Sick Leave Application,"Hi Team, Please note I will be on leave from 07 April 2025 to 08 April 2025 due to a wedding in the family. Feel free to reach me in case of urgent matters.

Regards,
Colleen"
Medical Leave Application,"Hello, I am writing to request leave for the dates 11 January 2025 to 13 January 2025. The reason for my absence is vacation plans. Hoping for your understanding.

Best,
James"
Sick Leave Application,"Hello, I am writing to request leave for the dates 17 April 2025 to 19 April 2025. The reason for my absence is a medical appointment. Hoping for your understanding.

Best,
David"
Leave Application,"Hi, I would like to apply for leave from 25 February 2025 to 28 February 2025 due to urgent travel. Please confirm if this is approved.

Regards,
Samuel"
Emergency Leave Needed,"Respected Manager, Kindly approve my leave from 16 May 2025 to 17 May 2025 as I have a wedding in the family. I will ensure all tasks are handed over.

Sincerely,
Todd"
Annual Leave Plan,"Hello, I am writing to request leave for the dates 06 January 2025 to 10 January 2025. The reason for my absence is religious observances. Hoping for your understanding.

Best,
Teresa"
Vacation Request,"Respected Manager, Kindly approve my leave from 29 April 2025 to 30 April 2025 as I have urgent travel. I will ensure all tasks are handed over.

Sincerely,
Lauren"
Medical Leave Application,"Respected Manager, Kindly approve my leave from 18 May 2025 to 19 May 2025 as I have a wedding in the family. I will ensure all tasks are handed over.

Sincerely,
Eric"
Request for Personal Leave,"Hello, I am writing to request leave for the dates 17 April 2025 to 20 April 2025. The reason for my absence is an emergency at home. Hoping for your understanding.

Best,
Alexander"
Time Off Request,"Dear HR, I need a few days off from 21 March 2025 to 25 March 2025 because of a wedding in the family. Let me know if any formalities are needed.

Thanks,
Christopher"
Time Off Request,"Hi Team, Please note I will be on leave from 23 January 2025 to 27 January 2025 due to a wedding in the family. Feel free to reach me in case of urgent matters.

Regards,
Steven"
Vacation Request,"Hi, I would like to apply for leave from 23 January 2025 to 24 January 2025 due to an emergency at home. Please confirm if this is approved.

Regards,
Deborah"
Urgent Leave Required,"Hi Team, Please note I will be on leave from 30 January 2025 to 04 February 2025 due to personal reasons. Feel free to reach me in case of urgent matters.

Regards,
Tyrone"
Vacation Request,"Hi, I would like to apply for leave from 26 February 2025 to 01 March 2025 due to a medical appointment. Please confirm if this is approved.

Regards,
William"
Medical Leave Application,"Hello, I am writing to request leave for the dates 23 February 2025 to 26 February 2025. The reason for my absence is an illness. Hoping for your understanding.

Best,
Robert"
Family Emergency Leave,"Hello, I am writing to request leave for the dates 04 April 2025 to 08 April 2025. The reason for my absence is personal reasons. Hoping for your understanding.

Best,
Tina"
Medical Leave Application,"Respected Manager, Kindly approve my leave from 17 February 2025 to 21 February 2025 as I have a family function. I will ensure all tasks are handed over.

Sincerely,
Stephen"
Family Emergency Leave,"Hi, I would like to apply for leave from 29 January 2025 to 02 February 2025 due to an illness. Please confirm if this is approved.

Regards,
Patrick"
Request for Personal Leave,"Hi Team, Please note I will be on leave from 27 April 2025 to 01 May 2025 due to a wedding in the family. Feel free to reach me in case of urgent matters.

Regards,
William"
Sick Leave Application,"Hi Team, Please note I will be on leave from 27 January 2025 to 28 January 2025 due to personal reasons. Feel free to reach me in case of urgent matters.

Regards,
Michelle"
Time Off Request,"Hi, I would like to apply for leave from 23 February 2025 to 24 February 2025 due to personal reasons. Please confirm if this is approved.

Regards,
Kendra"
Emergency Leave Needed,"Hello, I am writing to request leave for the dates 22 March 2025 to 25 March 2025. The reason for my absence is a wedding in the family. Hoping for your understanding.

Best,
Matthew"
Family Emergency Leave,"Dear HR, I need a few days off from 09 April 2025 to 10 April 2025 because of mental health reasons. Let me know if any formalities are needed.

Thanks,
Joseph"
Time Off Request,"Hello, I am writing to request leave for the dates 01 January 2025 to 04 January 2025. The reason for my absence is a wedding in the family. Hoping for your understanding.

Best,
Justin"
Request for Personal Leave,"Hi Team, Please note I will be on leave from 27 February 2025 to 04 March 2025 due to personal reasons. Feel free to reach me in case of urgent matters.

Regards,
Mary"
Medical Leave Application,"Respected Manager, Kindly approve my leave from 23 April 2025 to 27 April 2025 as I have a wedding in the family. I will ensure all tasks are handed over.

Sincerely,
Yolanda"
Emergency Leave Needed,"Dear HR, I need a few days off from 06 April 2025 to 07 April 2025 because of a family function. Let me know if any formalities are needed.

Thanks,
Michelle"
Time Off Request,"Hi Team, Please note I will be on leave from 28 March 2025 to 02 April 2025 due to an emergency at home. Feel free to reach me in case of urgent matters.

Regards,
Amanda"
Request for Personal Leave,"Hello, I am writing to request leave for the dates 09 March 2025 to 12 March 2025. The reason for my absence is an illness. Hoping for your understanding.

Best,
Martin"
Emergency Leave Needed,"Hello, I am writing to request leave for the dates 16 April 2025 to 21 April 2025. The reason for my absence is an illness. Hoping for your understanding.

Best,
Nicholas"
Emergency Leave Needed,"Hi, I would like to apply for leave from 04 March 2025 to 05 March 2025 due to personal reasons. Please confirm if this is approved.

Regards,
Molly"
Time Off Request,"Hi, I would like to apply for leave from 16 May 2025 to 18 May 2025 due to vacation plans. Please confirm if this is approved.

Regards,
John"
Medical Leave Application,"Hi Team, Please note I will be on leave from 16 March 2025 to 19 March 2025 due to a medical appointment. Feel free to reach me in case of urgent matters.

Regards,
Jesus"
Annual Leave Plan,"Dear HR, I need a few days off from 21 March 2025 to 24 March 2025 because of an illness. Let me know if any formalities are needed.

Thanks,
Bradley"
Sick Leave Application,"Dear HR, I need a few days off from 02 April 2025 to 05 April 2025 because of religious observances. Let me know if any formalities are needed.

Thanks,
Janet"
Request for Personal Leave,"Dear HR, I need a few days off from 16 March 2025 to 18 March 2025 because of personal reasons. Let me know if any formalities are needed.

Thanks,
Paul"
Time Off Request,"Hi Team, Please note I will be on leave from 09 May 2025 to 10 May 2025 due to a wedding in the family. Feel free to reach me in case of urgent matters.

Regards,
Laura"
Family Emergency Leave,"Hi Team, Please note I will be on leave from 07 May 2025 to 10 May 2025 due to vacation plans. Feel free to reach me in case of urgent matters.

Regards,
Tina"
Sick Leave Application,"Hi, I would like to apply for leave from 07 April 2025 to 12 April 2025 due to a medical appointment. Please confirm if this is approved.

Regards,
Tammie"
Vacation Request,"Hi Team, Please note I will be on leave from 25 January 2025 to 29 January 2025 due to vacation plans. Feel free to reach me in case of urgent matters.

Regards,
Wayne"
Urgent Leave Required,"Hi, I would like to apply for leave from 25 April 2025 to 29 April 2025 due to mental health reasons. Please confirm if this is approved.

Regards,
Martin"
Sick Leave Application,"Hello, I am writing to request leave for the dates 20 January 2025 to 23 January 2025. The reason for my absence is a medical appointment. Hoping for your understanding.

Best,
Morgan"
Time Off Request,"Dear HR, I need a few days off from 27 March 2025 to 01 April 2025 because of a wedding in the family. Let me know if any formalities are needed.

Thanks,
Cory"
Annual Leave Plan,"Dear HR, I need a few days off from 30 March 2025 to 04 April 2025 because of personal reasons. Let me know if any formalities are needed.

Thanks,
Alexis"
Urgent Leave Required,"Hi, I would like to apply for leave from 28 January 2025 to 02 February 2025 due to a family function. Please confirm if this is approved.

Regards,
Robert"
Annual Leave Plan,"Dear HR, I need a few days off from 08 May 2025 to 10 May 2025 because of an illness. Let me know if any formalities are needed.

Thanks,
Tara"
Sick Leave Application,"Respected Manager, Kindly approve my leave from 15 January 2025 to 18 January 2025 as I have urgent travel. I will ensure all tasks are handed over.

Sincerely,
Terrance"
Annual Leave Plan,"Respected Manager, Kindly approve my leave from 21 February 2025 to 24 February 2025 as I have a medical appointment. I will ensure all tasks are handed over.

Sincerely,
Matthew"
Emergency Leave Needed,"Dear HR, I need a few days off from 15 May 2025 to 20 May 2025 because of an illness. Let me know if any formalities are needed.

Thanks,
Raymond"
Vacation Request,"Hi, I would like to apply for leave from 16 January 2025 to 21 January 2025 due to religious observances. Please confirm if this is approved.

Regards,
Melissa"
Annual Leave Plan,"Hi Team, Please note I will be on leave from 11 May 2025 to 13 May 2025 due to mental health reasons. Feel free to reach me in case of urgent matters.

Regards,
Michele"
Sick Leave Application,"Hi Team, Please note I will be on leave from 15 March 2025 to 17 March 2025 due to mental health reasons. Feel free to reach me in case of urgent matters.

Regards,
Stephanie"
Medical Leave Application,"Hi, I would like to apply for leave from 02 May 2025 to 07 May 2025 due to a family function. Please confirm if this is approved.

Regards,
Jennifer"
Request for Personal Leave,"Respected Manager, Kindly approve my leave from 05 April 2025 to 06 April 2025 as I have mental health reasons. I will ensure all tasks are handed over.

Sincerely,
Monique"
